               epoch,      train/box_loss,      train/obj_loss,      train/cls_loss,   metrics/precision,      metrics/recall,     metrics/mAP_0.5,metrics/mAP_0.5:0.95,        val/box_loss,        val/obj_loss,        val/cls_loss,               x/lr0,               x/lr1,               x/lr2
                   0,            0.064635,            0.048733,            0.018829,             0.71666,             0.69879,             0.73175,             0.36952,            0.037818,              0.0345,            0.017091,           0.0033279,           0.0033279,            0.070049
                   1,            0.047035,            0.041057,            0.013064,             0.70366,             0.76734,             0.79606,             0.41101,            0.036313,            0.033604,            0.013809,           0.0066393,           0.0066393,            0.040027
                   2,            0.043342,             0.04063,            0.011511,             0.74443,             0.77979,             0.83596,             0.44466,            0.034884,            0.033326,            0.012689,           0.0099286,           0.0099286,           0.0099829
                   3,            0.040239,             0.03988,            0.010755,             0.78742,               0.788,               0.857,             0.48173,             0.03281,            0.032352,            0.011794,            0.009901,            0.009901,            0.009901
                   4,            0.038726,            0.039285,            0.010161,             0.82204,             0.77439,             0.85578,             0.48622,            0.032966,            0.032636,            0.011312,            0.009901,            0.009901,            0.009901
                   5,            0.037964,            0.038543,           0.0090629,             0.87964,             0.81808,             0.89727,             0.51336,            0.032423,            0.032367,           0.0068493,            0.009868,            0.009868,            0.009868
                   6,            0.037827,            0.038834,           0.0069171,             0.90757,             0.85246,             0.91922,             0.53444,            0.032188,             0.03183,           0.0044475,            0.009835,            0.009835,            0.009835
                   7,            0.037366,            0.038437,           0.0059958,             0.79957,             0.77347,             0.80506,             0.46942,            0.031757,            0.031702,            0.020801,            0.009802,            0.009802,            0.009802
                   8,            0.037202,            0.038202,           0.0054184,             0.92351,             0.86698,              0.9273,             0.55136,            0.031638,            0.031547,           0.0024266,            0.009769,            0.009769,            0.009769
                   9,            0.036591,            0.037977,            0.005029,               0.897,             0.85263,             0.91348,              0.5398,            0.031432,            0.031287,           0.0050451,            0.009736,            0.009736,            0.009736
                  10,             0.03668,            0.037808,           0.0045271,             0.92638,             0.87737,             0.93341,             0.55628,            0.031389,            0.031251,           0.0021637,            0.009703,            0.009703,            0.009703
                  11,            0.036333,             0.03755,           0.0042346,             0.92456,             0.88083,             0.93411,             0.56446,            0.030953,             0.03094,           0.0021816,             0.00967,             0.00967,             0.00967
                  12,            0.036161,            0.037254,            0.003957,             0.92735,             0.88125,             0.93672,             0.56289,            0.030837,            0.030855,           0.0020405,            0.009637,            0.009637,            0.009637
                  13,            0.036042,            0.037436,           0.0036118,             0.93081,             0.88467,             0.93946,             0.56806,            0.030765,            0.030732,           0.0019399,            0.009604,            0.009604,            0.009604
                  14,            0.035805,            0.037428,           0.0038031,             0.93042,             0.89182,             0.94173,             0.57049,            0.030445,            0.030561,           0.0017175,            0.009571,            0.009571,            0.009571
                  15,            0.035797,            0.036923,           0.0035354,             0.93095,             0.89222,             0.94257,             0.57064,            0.030539,             0.03056,           0.0017228,            0.009538,            0.009538,            0.009538
                  16,            0.035348,            0.036656,           0.0034039,             0.93025,               0.893,             0.94329,              0.5741,            0.030298,            0.030357,           0.0016977,            0.009505,            0.009505,            0.009505
                  17,            0.035431,             0.03688,           0.0032553,             0.93379,             0.89449,             0.94499,             0.57648,            0.030226,            0.030274,           0.0016549,            0.009472,            0.009472,            0.009472
                  18,             0.03529,            0.036822,           0.0031566,             0.92853,             0.89884,             0.94472,             0.57882,            0.030066,            0.030252,           0.0016542,            0.009439,            0.009439,            0.009439
                  19,            0.035455,            0.036771,           0.0030807,             0.93378,             0.89813,             0.94669,             0.58197,            0.029958,            0.030127,            0.001512,            0.009406,            0.009406,            0.009406
                  20,            0.035165,            0.036591,            0.002973,             0.93486,             0.89812,             0.94742,             0.58083,            0.029921,            0.030069,           0.0015321,            0.009373,            0.009373,            0.009373
                  21,            0.035064,            0.036203,           0.0029631,              0.9322,             0.90162,             0.94738,              0.5812,            0.029954,             0.03006,           0.0015521,             0.00934,             0.00934,             0.00934
                  22,            0.035161,            0.037065,           0.0028218,             0.93398,             0.90436,             0.95023,             0.58539,            0.029741,            0.029909,           0.0014162,            0.009307,            0.009307,            0.009307
                  23,            0.034843,            0.036518,           0.0029963,             0.93068,             0.90682,             0.94917,             0.58572,            0.029702,            0.029851,            0.001505,            0.009274,            0.009274,            0.009274
                  24,            0.034975,            0.036369,            0.002985,             0.93985,              0.8989,             0.94921,             0.58744,            0.029561,            0.029742,           0.0016102,            0.009241,            0.009241,            0.009241
                  25,            0.034866,            0.036457,           0.0027353,             0.93628,             0.90333,             0.94899,             0.58885,            0.029489,            0.029746,            0.001451,            0.009208,            0.009208,            0.009208
                  26,            0.034838,            0.036309,           0.0026364,             0.93706,             0.90538,             0.95055,             0.58964,            0.029406,            0.029689,           0.0014502,            0.009175,            0.009175,            0.009175
                  27,            0.034789,            0.036333,           0.0026308,             0.93204,             0.91007,               0.951,             0.59002,            0.029373,            0.029631,           0.0013917,            0.009142,            0.009142,            0.009142
                  28,            0.034802,            0.036238,           0.0026892,             0.93262,              0.9112,             0.95221,              0.5923,             0.02927,            0.029568,           0.0013734,            0.009109,            0.009109,            0.009109
                  29,            0.034706,             0.03619,           0.0025419,             0.93432,             0.90987,             0.95244,             0.59356,            0.029237,            0.029532,           0.0014071,            0.009076,            0.009076,            0.009076
                  30,            0.034614,             0.03569,            0.002662,             0.93995,             0.90645,             0.95275,             0.59411,            0.029212,            0.029499,           0.0013381,            0.009043,            0.009043,            0.009043
                  31,            0.034645,            0.036491,           0.0024189,             0.94173,             0.90714,             0.95409,             0.59462,            0.029215,            0.029468,           0.0012894,             0.00901,             0.00901,             0.00901
                  32,            0.034573,            0.036057,           0.0024906,             0.93881,             0.91127,             0.95412,             0.59525,             0.02913,            0.029418,           0.0013215,            0.008977,            0.008977,            0.008977
                  33,            0.034351,            0.035581,           0.0025516,             0.94044,              0.9094,              0.9538,             0.59512,            0.029111,            0.029424,           0.0013219,            0.008944,            0.008944,            0.008944
                  34,            0.034449,            0.035987,            0.002475,             0.93395,             0.91571,             0.95396,             0.59643,            0.029072,            0.029351,           0.0012904,            0.008911,            0.008911,            0.008911
                  35,            0.034434,              0.0359,           0.0024851,             0.93873,             0.91404,             0.95501,             0.59725,            0.029014,            0.029355,           0.0012506,            0.008878,            0.008878,            0.008878
                  36,            0.034301,            0.035583,           0.0023126,             0.94163,             0.91096,              0.9554,             0.59837,            0.028964,            0.029299,           0.0012325,            0.008845,            0.008845,            0.008845
                  37,            0.034481,            0.036279,           0.0023302,             0.93683,             0.91586,             0.95616,             0.59916,            0.028942,            0.029266,           0.0012404,            0.008812,            0.008812,            0.008812
                  38,            0.034281,            0.035872,           0.0022879,             0.93862,             0.91593,             0.95598,             0.59982,            0.028896,            0.029217,           0.0012389,            0.008779,            0.008779,            0.008779
                  39,            0.034301,            0.035612,           0.0021911,             0.93556,             0.91802,             0.95616,             0.60041,            0.028877,            0.029193,           0.0012417,            0.008746,            0.008746,            0.008746
                  40,            0.034184,            0.035958,           0.0022797,             0.94042,             0.91398,             0.95663,             0.60083,            0.028823,             0.02918,           0.0012057,            0.008713,            0.008713,            0.008713
                  41,            0.034205,            0.035537,           0.0021612,             0.93864,             0.91632,             0.95705,             0.60135,            0.028813,            0.029174,           0.0012111,             0.00868,             0.00868,             0.00868
                  42,            0.034226,            0.035641,           0.0023424,             0.94022,             0.91514,             0.95699,              0.6016,            0.028783,            0.029157,           0.0011812,            0.008647,            0.008647,            0.008647
                  43,            0.034226,            0.035575,           0.0021015,             0.94002,             0.91577,             0.95695,             0.60197,            0.028765,            0.029143,           0.0011848,            0.008614,            0.008614,            0.008614
                  44,            0.034281,             0.03554,           0.0021127,             0.94386,             0.91293,             0.95701,             0.60222,             0.02875,            0.029137,           0.0011891,            0.008581,            0.008581,            0.008581
                  45,            0.034058,            0.035459,           0.0021195,             0.94023,             0.91641,             0.95676,             0.60245,            0.028719,            0.029118,           0.0012049,            0.008548,            0.008548,            0.008548
                  46,             0.03411,            0.035534,           0.0020117,             0.94213,             0.91501,             0.95684,             0.60262,             0.02869,             0.02911,           0.0012109,            0.008515,            0.008515,            0.008515
                  47,            0.034096,             0.03602,           0.0019385,             0.94201,             0.91498,             0.95693,             0.60286,            0.028671,            0.029088,           0.0012101,            0.008482,            0.008482,            0.008482
                  48,            0.033924,             0.03563,            0.002062,             0.94157,             0.91607,             0.95723,             0.60337,            0.028649,            0.029062,           0.0011986,            0.008449,            0.008449,            0.008449
                  49,            0.033882,            0.035344,           0.0019524,             0.94314,             0.91458,             0.95745,             0.60396,            0.028631,            0.029051,           0.0011816,            0.008416,            0.008416,            0.008416
                  50,             0.03384,            0.035362,           0.0018556,             0.93923,             0.91907,              0.9576,             0.60437,            0.028616,            0.029038,           0.0011714,            0.008383,            0.008383,            0.008383
                  51,            0.033742,            0.034999,           0.0019053,             0.93852,             0.91977,             0.95754,             0.60432,            0.028601,            0.029027,           0.0011715,             0.00835,             0.00835,             0.00835
                  52,            0.034104,            0.035729,           0.0019069,             0.93964,               0.919,             0.95767,             0.60474,            0.028589,            0.029019,           0.0011643,            0.008317,            0.008317,            0.008317
                  53,            0.033731,            0.035074,           0.0018466,             0.93928,             0.91976,             0.95788,             0.60503,             0.02858,            0.029012,           0.0011583,            0.008284,            0.008284,            0.008284
                  54,            0.033824,            0.035162,           0.0018959,             0.93787,             0.92187,             0.95808,             0.60515,            0.028565,            0.028997,           0.0011462,            0.008251,            0.008251,            0.008251
                  55,            0.033768,            0.035462,           0.0019153,             0.93935,              0.9208,              0.9582,             0.60542,            0.028553,            0.028988,           0.0011253,            0.008218,            0.008218,            0.008218
                  56,            0.033826,            0.035598,           0.0019045,             0.94009,             0.92025,             0.95825,             0.60538,            0.028552,            0.028983,           0.0011124,            0.008185,            0.008185,            0.008185
                  57,            0.033753,             0.03541,           0.0017156,             0.93908,             0.92118,             0.95853,             0.60555,            0.028545,            0.028975,             0.00111,            0.008152,            0.008152,            0.008152
                  58,            0.033845,            0.035053,           0.0018156,             0.93837,             0.92204,             0.95858,             0.60576,            0.028534,            0.028964,           0.0011077,            0.008119,            0.008119,            0.008119
                  59,            0.033719,            0.034992,           0.0016511,             0.93857,             0.92187,             0.95855,             0.60592,            0.028521,            0.028957,           0.0011044,            0.008086,            0.008086,            0.008086
                  60,            0.033722,            0.035051,           0.0016307,             0.94014,             0.92073,             0.95853,             0.60623,            0.028512,            0.028949,           0.0011023,            0.008053,            0.008053,            0.008053
                  61,            0.033687,            0.035181,           0.0018242,             0.93811,             0.92283,             0.95846,              0.6064,            0.028504,            0.028944,           0.0010985,             0.00802,             0.00802,             0.00802
                  62,            0.033417,            0.034961,           0.0017167,             0.93838,             0.92277,             0.95852,             0.60684,            0.028497,            0.028939,           0.0010976,            0.007987,            0.007987,            0.007987
                  63,            0.033667,            0.035316,            0.001545,             0.93757,              0.9233,             0.95851,             0.60706,            0.028485,             0.02893,           0.0010967,            0.007954,            0.007954,            0.007954
                  64,            0.033567,            0.035037,           0.0016225,             0.93915,             0.92204,             0.95857,             0.60715,            0.028475,            0.028924,           0.0010956,            0.007921,            0.007921,            0.007921
                  65,            0.033444,            0.035287,           0.0016064,             0.93902,             0.92252,             0.95857,             0.60719,            0.028464,            0.028918,            0.001096,            0.007888,            0.007888,            0.007888
                  66,            0.033537,            0.035004,           0.0015575,             0.93957,             0.92225,             0.95867,             0.60739,            0.028455,            0.028909,           0.0010946,            0.007855,            0.007855,            0.007855
                  67,            0.033292,            0.035032,           0.0015183,             0.93854,             0.92335,             0.95874,             0.60777,            0.028448,            0.028902,           0.0010916,            0.007822,            0.007822,            0.007822
                  68,            0.033457,            0.034917,           0.0015423,              0.9382,             0.92403,             0.95895,             0.60789,            0.028441,            0.028897,           0.0010901,            0.007789,            0.007789,            0.007789
                  69,            0.033329,            0.034772,           0.0015066,             0.93779,             0.92438,             0.95899,             0.60798,            0.028434,            0.028893,           0.0010902,            0.007756,            0.007756,            0.007756
                  70,            0.033405,            0.034956,           0.0016738,             0.93772,             0.92443,             0.95889,             0.60827,            0.028426,            0.028887,           0.0010875,            0.007723,            0.007723,            0.007723
                  71,            0.033271,            0.034441,           0.0015579,             0.94146,              0.9211,             0.95886,             0.60845,            0.028418,            0.028881,           0.0010865,             0.00769,             0.00769,             0.00769
                  72,            0.033309,            0.034653,           0.0015794,             0.94087,              0.9219,             0.95901,             0.60849,             0.02841,            0.028874,           0.0010844,            0.007657,            0.007657,            0.007657
                  73,            0.033308,            0.034889,           0.0014423,             0.94102,             0.92152,             0.95896,             0.60851,            0.028403,            0.028869,           0.0010841,            0.007624,            0.007624,            0.007624
                  74,            0.033186,            0.034218,           0.0014163,             0.94095,             0.92183,             0.95899,             0.60859,            0.028393,            0.028862,           0.0010827,            0.007591,            0.007591,            0.007591
                  75,            0.033256,            0.034882,           0.0015921,             0.94287,              0.9203,             0.95896,             0.60888,            0.028386,            0.028857,           0.0010794,            0.007558,            0.007558,            0.007558
                  76,            0.033357,            0.034828,            0.001462,             0.94326,             0.92026,             0.95908,             0.60911,            0.028378,            0.028847,           0.0010761,            0.007525,            0.007525,            0.007525
                  77,            0.033204,             0.03477,           0.0015387,             0.94321,             0.92022,             0.95914,             0.60912,            0.028371,            0.028842,           0.0010733,            0.007492,            0.007492,            0.007492
                  78,            0.033124,            0.034628,           0.0016246,             0.94332,             0.92014,             0.95917,             0.60925,            0.028363,            0.028836,           0.0010707,            0.007459,            0.007459,            0.007459
                  79,             0.03323,            0.034554,           0.0015509,             0.93905,             0.92425,             0.95919,             0.60928,            0.028356,            0.028831,           0.0010693,            0.007426,            0.007426,            0.007426
                  80,            0.033373,             0.03472,           0.0015362,              0.9376,             0.92584,             0.95913,             0.60943,            0.028348,            0.028827,           0.0010685,            0.007393,            0.007393,            0.007393
                  81,            0.033156,            0.034817,           0.0014244,             0.94232,              0.9217,             0.95915,              0.6095,            0.028341,            0.028819,           0.0010687,             0.00736,             0.00736,             0.00736
                  82,            0.033051,            0.034434,           0.0014359,             0.94261,             0.92155,             0.95914,             0.60959,            0.028333,            0.028813,            0.001068,            0.007327,            0.007327,            0.007327
                  83,            0.033129,            0.034802,           0.0014067,             0.94179,             0.92261,             0.95916,             0.60984,            0.028324,            0.028807,           0.0010667,            0.007294,            0.007294,            0.007294
                  84,            0.033154,            0.034646,           0.0014805,             0.94157,             0.92294,             0.95903,             0.60991,            0.028317,            0.028798,           0.0010644,            0.007261,            0.007261,            0.007261
                  85,            0.033125,             0.03442,           0.0013452,             0.94215,             0.92232,             0.95905,             0.61009,            0.028312,            0.028792,           0.0010618,            0.007228,            0.007228,            0.007228
                  86,            0.032964,            0.034557,           0.0014394,              0.9415,             0.92318,             0.95915,             0.61019,            0.028307,            0.028788,           0.0010625,            0.007195,            0.007195,            0.007195
                  87,            0.032949,            0.034676,            0.001427,             0.94191,             0.92319,             0.95935,             0.61017,            0.028302,            0.028781,           0.0010597,            0.007162,            0.007162,            0.007162
                  88,            0.033017,            0.034503,           0.0014045,             0.94017,             0.92448,             0.95932,             0.61048,            0.028293,            0.028776,           0.0010582,            0.007129,            0.007129,            0.007129
                  89,             0.03294,            0.034688,           0.0012865,             0.94115,             0.92383,             0.95942,             0.61057,            0.028285,             0.02877,           0.0010567,            0.007096,            0.007096,            0.007096
                  90,            0.032938,            0.034378,            0.001327,             0.94201,             0.92291,              0.9595,             0.61072,            0.028276,            0.028759,           0.0010554,            0.007063,            0.007063,            0.007063
                  91,            0.032796,            0.034195,           0.0013261,             0.94191,             0.92309,             0.95945,             0.61092,            0.028266,            0.028753,           0.0010534,             0.00703,             0.00703,             0.00703
                  92,            0.033031,            0.034348,           0.0013548,             0.94208,             0.92327,             0.95945,             0.61094,            0.028259,            0.028744,           0.0010531,            0.006997,            0.006997,            0.006997
                  93,            0.032982,            0.035045,           0.0016056,             0.94206,             0.92325,             0.95922,             0.61105,            0.028252,            0.028739,           0.0010487,            0.006964,            0.006964,            0.006964
                  94,            0.032961,            0.034428,           0.0013522,             0.94231,             0.92337,             0.95958,             0.61116,            0.028247,            0.028731,           0.0010464,            0.006931,            0.006931,            0.006931
                  95,            0.032767,            0.034217,           0.0013297,             0.94208,             0.92377,             0.95956,             0.61132,            0.028242,            0.028726,           0.0010477,            0.006898,            0.006898,            0.006898
                  96,              0.0327,            0.034223,           0.0013497,             0.94189,             0.92424,             0.95979,              0.6113,            0.028234,            0.028721,           0.0010469,            0.006865,            0.006865,            0.006865
                  97,            0.032747,            0.034695,            0.001428,             0.93987,             0.92643,             0.95966,             0.61141,            0.028227,            0.028715,            0.001046,            0.006832,            0.006832,            0.006832
                  98,            0.032638,            0.034089,           0.0013459,             0.93975,             0.92694,             0.95988,              0.6116,             0.02822,            0.028707,           0.0010451,            0.006799,            0.006799,            0.006799
                  99,            0.032756,            0.034406,           0.0012007,             0.93996,             0.92702,             0.96017,             0.61178,            0.028212,            0.028698,           0.0010433,            0.006766,            0.006766,            0.006766
                 100,            0.032538,            0.033946,           0.0013158,             0.94039,             0.92675,             0.96016,             0.61185,            0.028205,            0.028691,            0.001042,            0.006733,            0.006733,            0.006733
                 101,            0.032787,            0.034381,             0.00142,             0.94073,             0.92641,             0.96025,             0.61192,              0.0282,            0.028684,           0.0010388,              0.0067,              0.0067,              0.0067
                 102,            0.032607,            0.034208,           0.0012576,             0.94067,             0.92655,             0.96003,             0.61195,             0.02819,            0.028676,           0.0010392,            0.006667,            0.006667,            0.006667
                 103,            0.032368,            0.034068,           0.0012299,             0.94046,             0.92719,              0.9601,               0.612,            0.028183,            0.028669,           0.0010379,            0.006634,            0.006634,            0.006634
                 104,            0.032571,            0.033995,           0.0011723,             0.94019,             0.92757,             0.96019,             0.61211,            0.028176,            0.028661,           0.0010359,            0.006601,            0.006601,            0.006601
                 105,            0.032555,            0.034118,           0.0011857,             0.94106,             0.92682,             0.96048,             0.61225,            0.028168,            0.028655,           0.0010335,            0.006568,            0.006568,            0.006568
                 106,            0.032405,            0.033932,           0.0011817,             0.94085,             0.92723,             0.96051,             0.61248,            0.028159,            0.028646,           0.0010305,            0.006535,            0.006535,            0.006535
                 107,            0.032517,            0.034091,           0.0012682,             0.94158,             0.92667,             0.96038,             0.61267,            0.028149,            0.028638,           0.0010269,            0.006502,            0.006502,            0.006502
                 108,            0.032677,            0.034154,             0.00127,             0.94405,             0.92469,             0.96052,             0.61282,            0.028139,            0.028629,           0.0010253,            0.006469,            0.006469,            0.006469
                 109,            0.032475,            0.033788,            0.001238,             0.94534,             0.92371,             0.96064,             0.61285,            0.028131,            0.028622,           0.0010245,            0.006436,            0.006436,            0.006436
                 110,              0.0324,             0.03424,           0.0013226,              0.9436,             0.92554,             0.96056,             0.61296,            0.028124,            0.028616,           0.0010239,            0.006403,            0.006403,            0.006403
                 111,            0.032508,            0.034258,           0.0012561,             0.94565,              0.9243,             0.96069,              0.6133,            0.028116,            0.028608,           0.0010228,             0.00637,             0.00637,             0.00637
                 112,            0.032391,            0.033871,           0.0012843,             0.94565,             0.92434,             0.96063,             0.61337,            0.028109,            0.028599,           0.0010214,            0.006337,            0.006337,            0.006337
                 113,            0.032445,            0.033965,           0.0011211,             0.94592,             0.92438,             0.96064,             0.61355,            0.028102,            0.028591,           0.0010204,            0.006304,            0.006304,            0.006304
                 114,            0.032473,            0.033992,           0.0012875,             0.94662,             0.92374,             0.96071,             0.61358,            0.028097,            0.028585,           0.0010205,            0.006271,            0.006271,            0.006271
                 115,            0.032325,            0.033893,           0.0012675,             0.94655,             0.92398,             0.96088,             0.61368,            0.028089,            0.028576,           0.0010203,            0.006238,            0.006238,            0.006238
                 116,            0.032355,            0.033728,           0.0012583,             0.94644,             0.92411,             0.96086,             0.61403,            0.028081,            0.028568,           0.0010211,            0.006205,            0.006205,            0.006205
                 117,            0.032243,            0.033769,           0.0011829,             0.94557,               0.925,             0.96083,              0.6141,            0.028074,            0.028559,            0.001022,            0.006172,            0.006172,            0.006172
                 118,            0.032197,            0.033798,           0.0011175,             0.94562,               0.925,             0.96087,             0.61431,            0.028065,            0.028551,           0.0010223,            0.006139,            0.006139,            0.006139
                 119,            0.032292,            0.033828,           0.0012469,             0.94667,             0.92423,             0.96089,             0.61427,            0.028059,            0.028543,           0.0010226,            0.006106,            0.006106,            0.006106
                 120,            0.032264,            0.033705,           0.0011829,             0.94632,             0.92478,             0.96087,             0.61439,            0.028051,            0.028535,           0.0010245,            0.006073,            0.006073,            0.006073
                 121,             0.03229,            0.034071,           0.0011135,             0.94688,             0.92419,             0.96078,             0.61454,            0.028043,            0.028528,           0.0010281,             0.00604,             0.00604,             0.00604
                 122,            0.032287,             0.03364,           0.0011362,             0.94812,             0.92322,             0.96078,             0.61465,            0.028036,            0.028521,           0.0010288,            0.006007,            0.006007,            0.006007
                 123,            0.032108,            0.033805,           0.0010701,             0.94721,             0.92441,             0.96092,             0.61492,            0.028028,            0.028513,           0.0010305,            0.005974,            0.005974,            0.005974
                 124,            0.032001,            0.033525,           0.0010924,             0.94748,             0.92438,             0.96103,             0.61512,             0.02802,            0.028506,           0.0010332,            0.005941,            0.005941,            0.005941
                 125,            0.032254,            0.033921,           0.0011914,             0.94709,             0.92501,             0.96112,             0.61526,            0.028012,            0.028498,            0.001033,            0.005908,            0.005908,            0.005908
                 126,            0.032102,            0.033356,           0.0012498,             0.94703,             0.92513,             0.96122,             0.61544,            0.028004,            0.028491,           0.0010333,            0.005875,            0.005875,            0.005875
                 127,            0.032326,            0.033715,           0.0010944,             0.94567,             0.92668,             0.96131,             0.61561,            0.027998,            0.028483,           0.0010342,            0.005842,            0.005842,            0.005842
                 128,            0.032065,             0.03371,           0.0012117,             0.94636,             0.92604,             0.96124,             0.61575,             0.02799,            0.028475,           0.0010339,            0.005809,            0.005809,            0.005809
                 129,             0.03196,            0.033194,           0.0011226,              0.9451,             0.92712,             0.96134,             0.61595,            0.027983,            0.028469,            0.001033,            0.005776,            0.005776,            0.005776
                 130,            0.031877,            0.033504,           0.0011116,             0.94588,             0.92667,             0.96133,             0.61608,            0.027976,            0.028463,           0.0010353,            0.005743,            0.005743,            0.005743
                 131,            0.032157,            0.033585,           0.0013874,             0.94553,             0.92664,              0.9612,             0.61606,            0.027973,            0.028459,           0.0010325,             0.00571,             0.00571,             0.00571
                 132,            0.032015,            0.033352,           0.0012432,             0.94556,             0.92665,             0.96124,             0.61579,            0.027972,            0.028455,           0.0010301,            0.005677,            0.005677,            0.005677
                 133,             0.03202,             0.03357,           0.0011012,             0.94494,             0.92728,              0.9612,             0.61602,            0.027965,             0.02845,             0.00103,            0.005644,            0.005644,            0.005644
                 134,            0.031886,            0.033153,           0.0011098,             0.94567,              0.9267,             0.96117,             0.61607,            0.027958,            0.028445,           0.0010302,            0.005611,            0.005611,            0.005611
                 135,            0.031917,            0.033583,           0.0010909,             0.94753,              0.9249,             0.96125,             0.61622,            0.027952,            0.028438,           0.0010305,            0.005578,            0.005578,            0.005578
                 136,            0.031921,            0.033422,           0.0010783,             0.94853,              0.9242,             0.96133,             0.61641,            0.027946,            0.028433,           0.0010313,            0.005545,            0.005545,            0.005545
                 137,            0.031742,            0.032841,           0.0010734,             0.94891,               0.924,             0.96135,             0.61671,            0.027936,            0.028425,            0.001032,            0.005512,            0.005512,            0.005512
                 138,            0.031866,            0.033457,           0.0010026,             0.94924,             0.92379,             0.96139,             0.61692,            0.027927,             0.02842,            0.001031,            0.005479,            0.005479,            0.005479
                 139,            0.031771,            0.033222,           0.0010439,             0.94968,              0.9235,             0.96148,             0.61717,            0.027918,            0.028411,           0.0010303,            0.005446,            0.005446,            0.005446
                 140,            0.031769,            0.033353,            0.001092,             0.94956,             0.92395,             0.96157,             0.61749,            0.027908,            0.028403,           0.0010307,            0.005413,            0.005413,            0.005413
                 141,            0.031654,             0.03332,           0.0011451,             0.94975,             0.92413,             0.96171,             0.61766,            0.027896,            0.028394,           0.0010302,             0.00538,             0.00538,             0.00538
                 142,            0.031833,            0.033262,           0.0010706,             0.94966,             0.92376,             0.96163,             0.61785,            0.027887,            0.028388,           0.0010305,            0.005347,            0.005347,            0.005347
                 143,            0.031642,            0.033042,           0.0010216,             0.94555,             0.92763,             0.96172,             0.61807,            0.027877,            0.028379,           0.0010309,            0.005314,            0.005314,            0.005314
                 144,            0.031648,            0.033143,           0.0011302,             0.94943,             0.92414,             0.96166,             0.61822,            0.027869,            0.028373,           0.0010309,            0.005281,            0.005281,            0.005281
                 145,            0.031659,            0.033053,           0.0010517,             0.94621,             0.92729,             0.96166,             0.61829,            0.027859,            0.028366,           0.0010311,            0.005248,            0.005248,            0.005248
                 146,            0.031472,            0.032743,           0.0011093,             0.94968,             0.92399,              0.9617,             0.61837,             0.02785,            0.028358,           0.0010308,            0.005215,            0.005215,            0.005215
                 147,            0.031603,            0.032908,           0.0010755,             0.95003,             0.92358,             0.96158,             0.61851,            0.027842,            0.028354,           0.0010309,            0.005182,            0.005182,            0.005182
                 148,            0.031807,            0.033497,           0.0011063,             0.94956,             0.92425,             0.96158,             0.61865,            0.027833,            0.028348,           0.0010304,            0.005149,            0.005149,            0.005149
                 149,            0.031418,            0.033147,           0.0010585,             0.94682,             0.92689,             0.96156,             0.61871,            0.027822,            0.028341,           0.0010308,            0.005116,            0.005116,            0.005116
                 150,            0.031467,            0.032608,           0.0010958,             0.94732,             0.92665,             0.96167,             0.61896,            0.027812,            0.028333,           0.0010305,            0.005083,            0.005083,            0.005083
                 151,            0.031539,            0.033049,           0.0010505,             0.94286,             0.93119,             0.96184,             0.61912,              0.0278,            0.028327,           0.0010294,             0.00505,             0.00505,             0.00505
                 152,            0.031498,            0.033222,           0.0011002,             0.94235,             0.93204,              0.9618,             0.61927,            0.027789,            0.028321,           0.0010294,            0.005017,            0.005017,            0.005017
                 153,            0.031602,            0.033297,           0.0011079,             0.94299,             0.93156,             0.96186,             0.61954,            0.027776,            0.028313,           0.0010287,            0.004984,            0.004984,            0.004984
                 154,            0.031499,            0.033034,           0.0010541,             0.94308,             0.93153,             0.96186,             0.61988,            0.027766,            0.028307,           0.0010291,            0.004951,            0.004951,            0.004951
                 155,            0.031389,            0.032875,          0.00089761,             0.94457,             0.93027,             0.96189,             0.62013,            0.027754,            0.028299,           0.0010296,            0.004918,            0.004918,            0.004918
                 156,            0.031366,            0.032715,           0.0010151,             0.94504,             0.93016,             0.96199,             0.62071,            0.027744,            0.028295,           0.0010307,            0.004885,            0.004885,            0.004885
                 157,            0.031459,            0.033015,           0.0010227,             0.94537,             0.93001,             0.96204,             0.62086,            0.027732,            0.028289,           0.0010316,            0.004852,            0.004852,            0.004852
                 158,            0.031346,            0.032974,          0.00099725,             0.94481,             0.93065,             0.96212,             0.62109,            0.027721,            0.028283,           0.0010308,            0.004819,            0.004819,            0.004819
                 159,            0.031221,             0.03287,           0.0009976,             0.94604,             0.92955,              0.9623,             0.62126,            0.027709,            0.028278,           0.0010311,            0.004786,            0.004786,            0.004786
                 160,            0.031301,            0.033029,          0.00095393,             0.94373,             0.93221,              0.9623,             0.62142,            0.027697,            0.028271,           0.0010302,            0.004753,            0.004753,            0.004753
                 161,            0.031415,            0.032832,           0.0011364,              0.9449,              0.9316,             0.96225,             0.62162,            0.027687,            0.028265,           0.0010294,             0.00472,             0.00472,             0.00472
                 162,            0.031289,            0.032982,          0.00095539,             0.94454,             0.93172,             0.96216,             0.62176,            0.027678,            0.028258,           0.0010284,            0.004687,            0.004687,            0.004687
                 163,            0.031318,            0.033059,           0.0009422,             0.94591,              0.9305,              0.9623,             0.62196,            0.027667,            0.028251,           0.0010262,            0.004654,            0.004654,            0.004654
                 164,             0.03123,            0.032645,           0.0010161,             0.94487,             0.93158,             0.96219,             0.62208,            0.027657,            0.028244,           0.0010244,            0.004621,            0.004621,            0.004621
                 165,            0.031096,            0.032598,          0.00093887,              0.9456,             0.93091,             0.96221,             0.62222,            0.027646,            0.028239,           0.0010231,            0.004588,            0.004588,            0.004588
                 166,              0.0312,            0.033022,           0.0010625,             0.94621,             0.93025,             0.96222,              0.6223,            0.027634,            0.028235,            0.001023,            0.004555,            0.004555,            0.004555
                 167,            0.031016,            0.032298,           0.0010558,             0.94653,             0.93017,             0.96228,             0.62244,            0.027624,            0.028229,           0.0010221,            0.004522,            0.004522,            0.004522
                 168,            0.031112,            0.032839,           0.0010325,             0.94775,             0.92907,             0.96224,             0.62258,            0.027613,            0.028223,           0.0010221,            0.004489,            0.004489,            0.004489
                 169,            0.031021,            0.032268,          0.00092794,             0.94768,             0.92978,             0.96243,             0.62298,            0.027602,            0.028217,           0.0010218,            0.004456,            0.004456,            0.004456
                 170,            0.031007,            0.032709,           0.0009588,             0.94714,             0.93043,             0.96245,             0.62313,             0.02759,            0.028212,           0.0010223,            0.004423,            0.004423,            0.004423
                 171,            0.031059,            0.032586,           0.0010849,             0.94673,             0.93089,             0.96248,             0.62325,             0.02758,            0.028205,            0.001021,             0.00439,             0.00439,             0.00439
                 172,            0.031003,            0.032465,          0.00093818,             0.94679,               0.931,             0.96257,             0.62342,             0.02757,            0.028198,           0.0010189,            0.004357,            0.004357,            0.004357
                 173,            0.030927,            0.032343,          0.00088934,             0.94671,             0.93126,             0.96267,             0.62368,            0.027557,            0.028193,           0.0010173,            0.004324,            0.004324,            0.004324
                 174,            0.031003,            0.032576,          0.00099644,             0.94659,             0.93129,             0.96247,             0.62386,            0.027547,            0.028188,           0.0010174,            0.004291,            0.004291,            0.004291
                 175,            0.030966,            0.032645,          0.00095524,             0.94758,             0.93052,             0.96276,             0.62393,            0.027538,            0.028184,           0.0010187,            0.004258,            0.004258,            0.004258
                 176,            0.030902,            0.032619,          0.00095459,             0.94755,             0.93055,             0.96272,             0.62403,            0.027528,            0.028178,           0.0010186,            0.004225,            0.004225,            0.004225
                 177,            0.030807,            0.032301,          0.00091866,             0.94734,             0.93082,             0.96271,             0.62414,            0.027518,            0.028173,           0.0010183,            0.004192,            0.004192,            0.004192
                 178,            0.030773,            0.032401,          0.00084793,             0.94722,             0.93087,             0.96276,             0.62426,            0.027506,            0.028169,           0.0010181,            0.004159,            0.004159,            0.004159
                 179,            0.030536,            0.032102,          0.00093787,             0.94693,             0.93123,             0.96288,             0.62437,            0.027496,            0.028164,           0.0010182,            0.004126,            0.004126,            0.004126
                 180,            0.030886,             0.03262,          0.00084769,             0.94746,             0.93128,             0.96299,              0.6246,            0.027485,            0.028157,           0.0010178,            0.004093,            0.004093,            0.004093
                 181,              0.0308,            0.032262,          0.00095888,             0.94793,             0.93068,             0.96303,             0.62473,            0.027476,            0.028153,           0.0010182,             0.00406,             0.00406,             0.00406
                 182,            0.030546,            0.032014,          0.00084838,             0.94808,             0.93065,             0.96305,              0.6248,            0.027466,            0.028146,           0.0010192,            0.004027,            0.004027,            0.004027
                 183,            0.030579,            0.031964,          0.00087142,             0.94706,             0.93169,             0.96307,             0.62499,            0.027455,             0.02814,            0.001021,            0.003994,            0.003994,            0.003994
                 184,            0.030641,            0.032409,          0.00089344,             0.94951,             0.92985,              0.9632,              0.6251,            0.027445,            0.028136,           0.0010215,            0.003961,            0.003961,            0.003961
                 185,            0.030544,            0.031786,          0.00081495,             0.94789,             0.93154,             0.96333,             0.62549,            0.027435,            0.028129,           0.0010239,            0.003928,            0.003928,            0.003928
                 186,            0.030633,            0.032068,          0.00086696,             0.94691,             0.93267,             0.96343,             0.62562,            0.027425,            0.028123,           0.0010255,            0.003895,            0.003895,            0.003895
                 187,            0.030584,            0.032382,          0.00090209,             0.94666,               0.933,             0.96339,             0.62571,            0.027415,            0.028116,           0.0010275,            0.003862,            0.003862,            0.003862
                 188,            0.030508,            0.032291,          0.00083165,             0.94851,             0.93105,             0.96341,             0.62601,            0.027405,            0.028111,           0.0010298,            0.003829,            0.003829,            0.003829
                 189,             0.03039,            0.031841,          0.00085866,             0.94574,             0.93401,             0.96347,             0.62621,            0.027394,            0.028106,           0.0010315,            0.003796,            0.003796,            0.003796
                 190,            0.030439,            0.031852,           0.0009095,             0.94857,             0.93169,             0.96351,             0.62623,            0.027385,            0.028099,            0.001033,            0.003763,            0.003763,            0.003763
                 191,            0.030439,            0.032144,          0.00087579,             0.94615,             0.93392,             0.96344,             0.62629,            0.027376,            0.028095,           0.0010354,             0.00373,             0.00373,             0.00373
                 192,            0.030352,            0.031877,          0.00083366,             0.94682,             0.93354,             0.96346,             0.62645,            0.027366,             0.02809,           0.0010366,            0.003697,            0.003697,            0.003697
                 193,            0.030353,            0.031769,          0.00086091,             0.94746,             0.93308,             0.96351,             0.62674,            0.027355,            0.028083,           0.0010361,            0.003664,            0.003664,            0.003664
                 194,            0.030468,            0.032281,          0.00078759,             0.94787,             0.93292,             0.96357,             0.62684,            0.027346,            0.028076,            0.001037,            0.003631,            0.003631,            0.003631
                 195,            0.030397,            0.031862,          0.00090807,             0.94774,             0.93317,             0.96354,             0.62699,            0.027337,            0.028072,            0.001038,            0.003598,            0.003598,            0.003598
                 196,            0.030335,            0.031604,          0.00085161,             0.94804,             0.93296,             0.96365,             0.62724,            0.027327,            0.028067,           0.0010383,            0.003565,            0.003565,            0.003565
                 197,            0.030105,            0.031911,          0.00081907,             0.94798,             0.93342,             0.96365,              0.6272,            0.027316,            0.028064,           0.0010386,            0.003532,            0.003532,            0.003532
                 198,            0.030141,             0.03152,          0.00078321,             0.94796,             0.93364,             0.96368,             0.62731,            0.027307,            0.028058,           0.0010411,            0.003499,            0.003499,            0.003499
                 199,            0.030387,            0.032113,           0.0010895,             0.94849,             0.93318,             0.96378,             0.62745,            0.027299,            0.028054,           0.0010407,            0.003466,            0.003466,            0.003466
                 200,            0.030272,            0.031925,           0.0008128,             0.94943,              0.9327,             0.96368,              0.6276,            0.027291,            0.028051,           0.0010412,            0.003433,            0.003433,            0.003433
                 201,            0.030204,            0.031949,           0.0007869,             0.94861,             0.93336,             0.96376,             0.62771,            0.027282,            0.028046,           0.0010417,              0.0034,              0.0034,              0.0034
                 202,            0.030146,            0.031726,          0.00076674,             0.94992,             0.93228,              0.9637,              0.6278,            0.027274,            0.028045,           0.0010426,            0.003367,            0.003367,            0.003367
                 203,            0.030135,            0.031856,          0.00078951,             0.95007,             0.93214,              0.9639,             0.62803,            0.027265,             0.02804,           0.0010425,            0.003334,            0.003334,            0.003334
                 204,            0.029917,            0.031475,          0.00080989,              0.9485,             0.93387,             0.96394,             0.62823,            0.027254,            0.028036,           0.0010442,            0.003301,            0.003301,            0.003301
                 205,            0.030025,             0.03147,          0.00080145,             0.94824,             0.93425,             0.96393,             0.62842,            0.027244,            0.028031,           0.0010443,            0.003268,            0.003268,            0.003268
                 206,            0.030052,            0.031788,          0.00075601,             0.94916,              0.9336,             0.96401,             0.62856,            0.027232,            0.028028,            0.001044,            0.003235,            0.003235,            0.003235
                 207,            0.029886,            0.031638,          0.00089219,             0.94895,             0.93388,             0.96402,             0.62888,            0.027222,            0.028023,           0.0010441,            0.003202,            0.003202,            0.003202
                 208,            0.030083,            0.031495,          0.00083235,             0.94981,             0.93311,             0.96403,              0.6292,            0.027213,            0.028019,           0.0010459,            0.003169,            0.003169,            0.003169
                 209,            0.030146,            0.031603,          0.00092477,             0.94992,             0.93287,             0.96417,              0.6293,            0.027205,            0.028016,           0.0010474,            0.003136,            0.003136,            0.003136
                 210,            0.029882,            0.031147,            0.000787,             0.95244,             0.93044,             0.96417,             0.62934,            0.027196,            0.028013,           0.0010492,            0.003103,            0.003103,            0.003103
                 211,            0.029689,            0.031187,          0.00070914,             0.95269,             0.93008,             0.96414,             0.62968,            0.027186,            0.028011,             0.00105,             0.00307,             0.00307,             0.00307
                 212,            0.029571,            0.031164,          0.00077467,             0.95215,             0.93066,             0.96427,             0.62984,            0.027177,            0.028007,           0.0010513,            0.003037,            0.003037,            0.003037
                 213,            0.029912,            0.031242,          0.00087482,             0.95299,              0.9301,             0.96432,             0.63014,            0.027169,            0.028004,           0.0010506,            0.003004,            0.003004,            0.003004
                 214,            0.029623,            0.031062,          0.00072908,             0.95414,             0.92914,             0.96439,             0.63043,            0.027158,               0.028,           0.0010516,            0.002971,            0.002971,            0.002971
                 215,            0.029681,            0.031133,          0.00078383,              0.9526,             0.93052,             0.96444,             0.63081,            0.027147,            0.027995,           0.0010529,            0.002938,            0.002938,            0.002938
                 216,            0.029598,            0.031153,          0.00081312,             0.95356,             0.92999,             0.96449,             0.63081,             0.02714,            0.027992,           0.0010533,            0.002905,            0.002905,            0.002905
                 217,             0.02957,            0.030805,          0.00076643,             0.95274,             0.93055,              0.9643,             0.63091,            0.027131,            0.027991,           0.0010544,            0.002872,            0.002872,            0.002872
                 218,            0.029459,             0.03102,          0.00078038,             0.95291,             0.93044,             0.96441,             0.63108,            0.027121,            0.027987,           0.0010559,            0.002839,            0.002839,            0.002839
                 219,            0.029622,            0.031085,          0.00079422,             0.95107,             0.93211,             0.96442,             0.63127,            0.027113,            0.027985,           0.0010576,            0.002806,            0.002806,            0.002806
                 220,            0.029606,            0.031209,          0.00091163,             0.95142,             0.93164,             0.96428,             0.63155,            0.027105,            0.027984,           0.0010581,            0.002773,            0.002773,            0.002773
                 221,            0.029361,            0.030938,          0.00079076,             0.95144,             0.93157,             0.96405,             0.63166,            0.027097,            0.027983,           0.0010598,             0.00274,             0.00274,             0.00274
                 222,            0.029558,            0.031253,          0.00081228,             0.95351,             0.92989,             0.96416,             0.63186,            0.027085,             0.02798,           0.0010616,            0.002707,            0.002707,            0.002707
                 223,            0.029454,            0.031276,          0.00069935,             0.95194,             0.93129,             0.96421,             0.63194,            0.027075,            0.027977,           0.0010627,            0.002674,            0.002674,            0.002674
                 224,            0.029286,            0.030956,          0.00078714,             0.95299,             0.93009,             0.96411,              0.6321,            0.027066,            0.027972,           0.0010633,            0.002641,            0.002641,            0.002641
                 225,            0.029144,            0.030601,          0.00071958,             0.95311,             0.93009,             0.96415,             0.63225,            0.027057,             0.02797,           0.0010642,            0.002608,            0.002608,            0.002608
                 226,            0.029462,             0.03084,          0.00071867,             0.95335,             0.93004,             0.96393,             0.63246,            0.027048,            0.027968,           0.0010657,            0.002575,            0.002575,            0.002575
                 227,            0.029302,            0.030711,          0.00080924,             0.95394,             0.92953,             0.96399,             0.63238,            0.027038,            0.027963,           0.0010659,            0.002542,            0.002542,            0.002542
                 228,            0.029246,            0.030344,          0.00072245,              0.9508,             0.93254,             0.96399,             0.63267,            0.027029,             0.02796,           0.0010661,            0.002509,            0.002509,            0.002509
                 229,             0.02931,            0.031035,          0.00063698,             0.95425,             0.92958,             0.96415,             0.63286,            0.027019,            0.027955,           0.0010682,            0.002476,            0.002476,            0.002476
                 230,             0.02935,            0.030994,          0.00070145,             0.95468,             0.92926,             0.96411,             0.63315,            0.027007,            0.027951,           0.0010676,            0.002443,            0.002443,            0.002443
                 231,            0.028983,            0.030342,          0.00074262,             0.95505,             0.92916,             0.96408,             0.63334,            0.026999,            0.027949,           0.0010679,             0.00241,             0.00241,             0.00241
                 232,            0.029206,            0.030627,           0.0006692,             0.95513,             0.92915,             0.96404,             0.63347,            0.026986,            0.027945,            0.001069,            0.002377,            0.002377,            0.002377
                 233,            0.029135,            0.030913,           0.0007678,             0.95416,             0.93032,             0.96409,             0.63357,            0.026975,            0.027945,             0.00107,            0.002344,            0.002344,            0.002344
                 234,            0.028959,            0.030597,          0.00067066,             0.95394,             0.93034,             0.96399,             0.63384,            0.026966,            0.027944,           0.0010696,            0.002311,            0.002311,            0.002311
                 235,            0.029177,            0.030784,          0.00067773,             0.95389,             0.93047,             0.96401,             0.63395,            0.026957,            0.027941,           0.0010713,            0.002278,            0.002278,            0.002278
                 236,            0.028765,            0.030527,          0.00068299,             0.95437,             0.93002,             0.96401,             0.63401,            0.026947,            0.027941,           0.0010724,            0.002245,            0.002245,            0.002245
                 237,            0.028837,            0.030451,          0.00067199,             0.95418,             0.93025,             0.96403,             0.63429,            0.026938,            0.027939,           0.0010749,            0.002212,            0.002212,            0.002212
                 238,            0.028947,            0.030381,          0.00063801,             0.95113,              0.9331,             0.96405,             0.63446,            0.026925,            0.027936,           0.0010762,            0.002179,            0.002179,            0.002179
                 239,            0.028979,            0.030485,          0.00070106,              0.9514,             0.93307,             0.96408,             0.63486,            0.026916,            0.027935,           0.0010778,            0.002146,            0.002146,            0.002146
                 240,            0.028952,            0.030791,          0.00065244,             0.95397,             0.93065,             0.96408,             0.63493,            0.026905,            0.027933,            0.001079,            0.002113,            0.002113,            0.002113
                 241,            0.028838,            0.030397,          0.00062799,             0.95378,             0.93089,             0.96401,             0.63503,            0.026896,            0.027934,           0.0010819,             0.00208,             0.00208,             0.00208
                 242,            0.028615,            0.029915,          0.00061301,               0.954,             0.93072,             0.96403,             0.63541,            0.026886,            0.027932,           0.0010837,            0.002047,            0.002047,            0.002047
                 243,            0.028546,             0.03002,          0.00064723,             0.95484,             0.93011,               0.964,             0.63536,            0.026876,             0.02793,           0.0010832,            0.002014,            0.002014,            0.002014
                 244,            0.028602,            0.030115,           0.0006271,             0.95447,             0.93055,             0.96398,             0.63579,            0.026866,             0.02793,           0.0010839,            0.001981,            0.001981,            0.001981
                 245,              0.0286,            0.030268,          0.00063215,             0.95402,             0.93132,             0.96403,             0.63603,            0.026856,            0.027929,           0.0010856,            0.001948,            0.001948,            0.001948
                 246,            0.028553,            0.030227,          0.00068128,             0.95329,             0.93193,             0.96402,             0.63616,            0.026846,            0.027926,           0.0010872,            0.001915,            0.001915,            0.001915
                 247,            0.028427,            0.029811,          0.00065824,             0.95427,             0.93123,             0.96416,             0.63634,            0.026836,            0.027924,           0.0010875,            0.001882,            0.001882,            0.001882
                 248,            0.028477,            0.030077,          0.00065525,             0.95568,             0.92979,             0.96404,              0.6366,            0.026825,            0.027925,            0.001088,            0.001849,            0.001849,            0.001849
                 249,            0.028416,            0.030079,          0.00064894,             0.95557,             0.93012,             0.96404,             0.63683,            0.026817,            0.027923,           0.0010889,            0.001816,            0.001816,            0.001816
                 250,            0.028358,            0.029824,          0.00065864,             0.95585,             0.93009,             0.96409,              0.6371,            0.026807,            0.027922,           0.0010893,            0.001783,            0.001783,            0.001783
                 251,            0.028507,            0.030054,          0.00056542,             0.95604,             0.93008,             0.96415,             0.63727,            0.026797,            0.027921,           0.0010913,             0.00175,             0.00175,             0.00175
                 252,            0.028221,            0.029686,          0.00064083,             0.95619,                0.93,              0.9642,             0.63725,            0.026788,             0.02792,           0.0010929,            0.001717,            0.001717,            0.001717
                 253,            0.028159,            0.029548,          0.00059914,             0.95525,             0.93097,             0.96429,             0.63741,            0.026777,            0.027918,            0.001094,            0.001684,            0.001684,            0.001684
                 254,            0.028083,            0.029418,          0.00063951,             0.95444,             0.93171,             0.96428,             0.63777,            0.026768,            0.027918,            0.001095,            0.001651,            0.001651,            0.001651
                 255,            0.028042,            0.029586,          0.00059056,             0.95478,             0.93131,             0.96436,               0.638,            0.026759,            0.027917,           0.0010971,            0.001618,            0.001618,            0.001618
                 256,            0.027923,            0.029156,          0.00061957,             0.95458,             0.93166,             0.96444,             0.63822,            0.026747,            0.027915,           0.0010963,            0.001585,            0.001585,            0.001585
                 257,            0.028049,            0.029495,          0.00058432,             0.95494,             0.93143,             0.96445,             0.63835,            0.026737,            0.027915,           0.0010984,            0.001552,            0.001552,            0.001552
                 258,            0.028006,            0.029851,          0.00056191,             0.95459,             0.93201,             0.96449,             0.63846,            0.026726,            0.027913,           0.0011014,            0.001519,            0.001519,            0.001519
                 259,            0.027928,            0.029331,          0.00058247,             0.95507,              0.9317,             0.96452,              0.6386,            0.026713,            0.027912,           0.0011032,            0.001486,            0.001486,            0.001486
                 260,            0.027901,            0.029576,          0.00065224,             0.95483,             0.93187,             0.96458,             0.63874,            0.026704,            0.027913,           0.0011055,            0.001453,            0.001453,            0.001453
                 261,             0.02798,            0.029345,          0.00060397,             0.95591,             0.93081,             0.96458,             0.63896,            0.026695,            0.027909,           0.0011079,             0.00142,             0.00142,             0.00142
                 262,            0.027784,            0.029355,          0.00057417,             0.95596,             0.93085,             0.96462,             0.63902,            0.026684,            0.027909,           0.0011098,            0.001387,            0.001387,            0.001387
                 263,             0.02793,            0.029571,          0.00062702,             0.95481,             0.93207,              0.9647,             0.63935,            0.026671,            0.027909,           0.0011129,            0.001354,            0.001354,            0.001354
                 264,            0.027866,            0.029458,          0.00063101,             0.95358,              0.9332,             0.96468,             0.63953,            0.026662,             0.02791,           0.0011157,            0.001321,            0.001321,            0.001321
                 265,            0.027789,            0.029425,           0.0005812,             0.95465,             0.93227,             0.96477,             0.63984,            0.026652,            0.027909,           0.0011174,            0.001288,            0.001288,            0.001288
                 266,            0.027673,            0.029306,          0.00054559,             0.95458,              0.9323,             0.96476,             0.64004,            0.026641,            0.027911,           0.0011192,            0.001255,            0.001255,            0.001255
                 267,            0.027699,            0.029413,          0.00058666,             0.95538,             0.93158,              0.9647,              0.6401,            0.026633,            0.027913,           0.0011203,            0.001222,            0.001222,            0.001222
                 268,            0.027396,            0.029001,          0.00056885,              0.9539,             0.93287,             0.96463,             0.64029,            0.026625,            0.027915,           0.0011207,            0.001189,            0.001189,            0.001189
                 269,            0.027554,            0.029189,          0.00055834,             0.95447,             0.93244,             0.96466,             0.64045,            0.026616,            0.027917,           0.0011221,            0.001156,            0.001156,            0.001156
                 270,              0.0275,            0.028899,          0.00053768,             0.95351,             0.93345,             0.96468,             0.64066,            0.026605,            0.027918,           0.0011249,            0.001123,            0.001123,            0.001123
                 271,            0.027316,            0.028733,          0.00054242,             0.95358,             0.93361,             0.96476,              0.6408,            0.026594,             0.02792,            0.001129,             0.00109,             0.00109,             0.00109
                 272,            0.027531,            0.029284,          0.00051537,             0.95472,             0.93268,             0.96477,             0.64105,            0.026584,            0.027921,           0.0011317,            0.001057,            0.001057,            0.001057
                 273,            0.027235,            0.028526,            0.000546,             0.95309,              0.9341,             0.96477,              0.6413,            0.026572,            0.027923,           0.0011333,            0.001024,            0.001024,            0.001024
                 274,            0.027423,            0.029063,          0.00049163,             0.95374,              0.9334,             0.96484,             0.64156,            0.026562,            0.027925,           0.0011354,            0.000991,            0.000991,            0.000991
                 275,            0.027284,             0.02842,          0.00048907,             0.95319,             0.93412,             0.96488,             0.64165,             0.02655,            0.027926,           0.0011383,            0.000958,            0.000958,            0.000958
                 276,             0.02729,            0.029295,          0.00051566,             0.95304,             0.93423,             0.96483,             0.64192,             0.02654,            0.027929,           0.0011407,            0.000925,            0.000925,            0.000925
                 277,            0.027104,             0.02884,          0.00047509,             0.95282,             0.93449,             0.96487,             0.64225,            0.026528,            0.027931,           0.0011442,            0.000892,            0.000892,            0.000892
                 278,             0.02692,            0.028761,           0.0005108,             0.95281,             0.93468,             0.96491,             0.64245,            0.026517,            0.027931,           0.0011454,            0.000859,            0.000859,            0.000859
                 279,             0.02696,            0.028545,          0.00052061,             0.95272,              0.9349,              0.9649,             0.64277,            0.026507,            0.027933,           0.0011489,            0.000826,            0.000826,            0.000826
                 280,            0.027042,            0.028457,          0.00048853,             0.95236,             0.93534,              0.9649,             0.64286,            0.026496,            0.027936,           0.0011518,            0.000793,            0.000793,            0.000793
                 281,            0.026902,            0.028083,          0.00049596,             0.95329,             0.93444,             0.96488,             0.64285,            0.026487,            0.027939,           0.0011554,             0.00076,             0.00076,             0.00076
                 282,            0.026972,            0.028639,          0.00048574,             0.95349,             0.93447,             0.96493,             0.64303,            0.026478,             0.02794,           0.0011594,            0.000727,            0.000727,            0.000727
                 283,            0.026815,            0.028419,          0.00045672,             0.95502,             0.93296,             0.96497,             0.64328,            0.026469,            0.027944,           0.0011631,            0.000694,            0.000694,            0.000694
                 284,            0.026915,            0.028599,          0.00046366,             0.95542,             0.93278,             0.96498,             0.64347,            0.026459,            0.027946,           0.0011659,            0.000661,            0.000661,            0.000661
                 285,            0.026693,            0.028331,          0.00045751,             0.95513,             0.93314,             0.96495,             0.64368,            0.026449,            0.027948,           0.0011684,            0.000628,            0.000628,            0.000628
                 286,            0.026793,            0.028246,          0.00049119,              0.9552,             0.93328,             0.96501,             0.64393,            0.026439,            0.027953,           0.0011707,            0.000595,            0.000595,            0.000595
                 287,            0.026718,            0.028161,          0.00045482,             0.95635,             0.93212,             0.96503,             0.64412,            0.026429,            0.027958,           0.0011738,            0.000562,            0.000562,            0.000562
                 288,             0.02657,            0.028218,          0.00044246,              0.9557,             0.93289,             0.96497,             0.64427,            0.026418,            0.027962,           0.0011763,            0.000529,            0.000529,            0.000529
                 289,            0.026665,            0.028296,           0.0004354,             0.95503,             0.93357,             0.96501,              0.6446,            0.026409,            0.027969,            0.001179,            0.000496,            0.000496,            0.000496
                 290,            0.026573,            0.028035,          0.00045042,             0.95554,             0.93318,             0.96509,             0.64463,              0.0264,            0.027973,           0.0011823,            0.000463,            0.000463,            0.000463
                 291,            0.026456,            0.027816,          0.00043428,             0.95566,             0.93309,             0.96513,             0.64493,            0.026391,            0.027979,           0.0011858,             0.00043,             0.00043,             0.00043
                 292,            0.026493,            0.028106,          0.00042273,             0.95522,             0.93353,             0.96507,             0.64505,            0.026384,            0.027986,           0.0011896,            0.000397,            0.000397,            0.000397
                 293,            0.026543,            0.028162,          0.00044002,             0.95612,             0.93272,             0.96512,             0.64525,            0.026375,            0.027991,           0.0011935,            0.000364,            0.000364,            0.000364
                 294,            0.026236,            0.027766,          0.00045372,             0.95653,              0.9326,             0.96512,             0.64536,            0.026366,            0.027998,           0.0011976,            0.000331,            0.000331,            0.000331
                 295,            0.026101,            0.027414,          0.00044671,             0.95613,             0.93279,             0.96508,             0.64574,            0.026358,            0.028005,           0.0012021,            0.000298,            0.000298,            0.000298
                 296,            0.026263,            0.027879,          0.00042514,             0.95626,             0.93263,             0.96509,             0.64599,            0.026349,            0.028011,            0.001206,            0.000265,            0.000265,            0.000265
                 297,            0.026275,            0.027866,          0.00043534,             0.95642,             0.93277,             0.96507,             0.64607,            0.026341,            0.028018,           0.0012101,            0.000232,            0.000232,            0.000232
                 298,            0.026077,            0.027427,          0.00043555,             0.95598,             0.93293,             0.96499,             0.64644,            0.026335,            0.028027,           0.0012141,            0.000199,            0.000199,            0.000199
                 299,            0.026192,            0.027787,          0.00039962,             0.95511,             0.93374,             0.96496,             0.64661,            0.026329,            0.028037,           0.0012202,            0.000166,            0.000166,            0.000166
